Date,Product,Category,Region,Price,Units_Sold,Marketing_Spend,Rating,Competitor_Price,Stock_Availability
2025-01-01,Product A,Electronics,North,100,980,50000,4.6,105,98
2025-01-08,Product A,Electronics,South,100,950,49000,4.5,105,97
2025-01-15,Product A,Electronics,East,102,940,48000,4.5,104,96
2025-01-22,Product A,Electronics,West,102,920,47500,4.4,103,96
2025-02-01,Product A,Electronics,North,105,900,46000,4.4,102,95
2025-02-08,Product A,Electronics,South,105,880,45500,4.4,101,94
2025-02-15,Product A,Electronics,East,106,860,45000,4.3,100,94
2025-02-22,Product A,Electronics,West,107,850,44000,4.3,99,93
2025-03-01,Product A,Electronics,North,108,830,43000,4.2,98,92
2025-03-08,Product A,Electronics,South,108,810,42500,4.2,97,91
2025-03-15,Product A,Electronics,East,110,790,42000,4.1,96,90
2025-03-22,Product A,Electronics,West,110,780,41000,4.1,95,90
2025-04-01,Product A,Electronics,North,112,750,40000,4.0,94,89
2025-04-08,Product A,Electronics,South,113,730,39500,4.0,93,88
2025-04-15,Product A,Electronics,East,114,710,39000,3.9,92,87
2025-04-22,Product A,Electronics,West,115,690,38000,3.9,91,86
2025-05-01,Product A,Electronics,North,116,670,37000,3.8,90,85
2025-05-08,Product A,Electronics,South,117,650,36500,3.8,89,84
2025-05-15,Product A,Electronics,East,118,630,36000,3.7,88,83
2025-05-22,Product A,Electronics,West,119,610,35000,3.7,87,82
2025-06-01,Product A,Electronics,North,120,590,34000,3.6,86,81
2025-06-08,Product A,Electronics,South,120,570,33500,3.6,85,80
2025-06-15,Product A,Electronics,East,121,550,33000,3.5,84,79
2025-06-22,Product A,Electronics,West,122,530,32000,3.5,83,78
2025-07-01,Product A,Electronics,North,122,510,31000,3.4,82,77
2025-07-08,Product A,Electronics,South,123,495,30500,3.4,81,76
2025-07-15,Product A,Electronics,East,124,480,30000,3.3,80,75
2025-07-22,Product A,Electronics,West,125,465,29500,3.3,79,74
2025-08-01,Product A,Electronics,North,125,450,29000,3.2,78,73
2025-08-08,Product A,Electronics,South,126,435,28500,3.2,77,72
2025-08-15,Product A,Electronics,East,127,420,28000,3.1,76,71
2025-08-22,Product A,Electronics,West,128,405,27500,3.1,75,70
2025-09-01,Product A,Electronics,North,128,395,27000,3.0,74,69
2025-09-08,Product A,Electronics,South,129,380,26500,3.0,73,68
2025-09-15,Product A,Electronics,East,130,365,26000,2.9,72,67
2025-09-22,Product A,Electronics,West,130,350,25500,2.9,71,66
2025-10-01,Product A,Electronics,North,131,340,25000,2.8,70,65
2025-10-08,Product A,Electronics,South,132,330,24500,2.8,69,64
2025-10-15,Product A,Electronics,East,133,320,24000,2.7,68,63
2025-10-22,Product A,Electronics,West,134,310,23500,2.7,67,62
2025-11-01,Product A,Electronics,North,135,300,23000,2.6,66,61
2025-11-08,Product A,Electronics,South,136,290,22500,2.6,65,60
2025-11-15,Product A,Electronics,East,137,280,22000,2.5,64,59
2025-11-22,Product A,Electronics,West,138,270,21500,2.5,63,58
2025-12-01,Product A,Electronics,North,140,260,21000,2.4,62,57
2025-12-08,Product A,Electronics,South,140,250,20500,2.4,61,56
2025-12-15,Product A,Electronics,East,142,240,20000,2.3,60,55
2025-12-22,Product A,Electronics,West,143,230,19500,2.3,59,54
2025-01-01,Product B,Home,North,80,700,35000,4.2,82,95
2025-01-08,Product B,Home,South,80,720,36000,4.3,82,96
2025-01-15,Product B,Home,East,82,710,35500,4.2,81,95
2025-01-22,Product B,Home,West,82,730,36500,4.4,81,97
2025-02-01,Product B,Home,North,83,750,37000,4.3,82,96
2025-02-08,Product B,Home,South,84,760,37500,4.4,83,97
2025-02-15,Product B,Home,East,84,780,38000,4.4,83,98
2025-02-22,Product B,Home,West,85,790,38500,4.5,84,98
2025-03-01,Product B,Home,North,85,800,39000,4.5,84,99
2025-03-08,Product B,Home,South,86,810,39500,4.6,85,99
2025-03-15,Product B,Home,East,86,820,40000,4.6,85,99
2025-03-22,Product B,Home,West,87,830,40500,4.7,86,99
2025-04-01,Product B,Home,North,88,840,41000,4.7,87,98
2025-04-08,Product B,Home,South,88,850,41500,4.7,87,99
2025-04-15,Product B,Home,East,89,860,42000,4.8,88,99
2025-04-22,Product B,Home,West,90,870,42500,4.8,89,100
2025-05-01,Product B,Home,North,90,880,43000,4.8,89,99
2025-05-08,Product B,Home,South,91,890,43500,4.8,90,99
2025-05-15,Product B,Home,East,92,900,44000,4.9,91,100
2025-05-22,Product B,Home,West,92,910,44500,4.9,91,100
2025-06-01,Product B,Home,North,93,920,45000,4.9,92,100
2025-06-08,Product B,Home,South,94,930,45500,4.9,93,100
2025-06-15,Product B,Home,East,95,940,46000,4.9,94,99
2025-06-22,Product B,Home,West,95,950,46500,5.0,94,100
2025-07-01,Product B,Home,North,96,960,47000,5.0,95,100
2025-07-08,Product B,Home,South,97,970,47500,5.0,96,100
2025-07-15,Product B,Home,East,98,980,48000,5.0,97,100
2025-07-22,Product B,Home,West,98,990,48500,5.0,97,100
2025-08-01,Product B,Home,North,99,1000,49000,5.0,98,100
2025-08-08,Product B,Home,South,100,1010,49500,5.0,99,100
2025-08-15,Product B,Home,East,100,1020,50000,5.0,99,100
2025-08-22,Product B,Home,West,101,1030,50500,5.0,100,100
2025-09-01,Product B,Home,North,102,1040,51000,5.0,101,100
2025-09-08,Product B,Home,South,103,1050,51500,5.0,102,100
2025-09-15,Product B,Home,East,104,1060,52000,5.0,103,100
2025-09-22,Product B,Home,West,105,1070,52500,5.0,104,100
2025-10-01,Product B,Home,North,106,1080,53000,5.0,105,100
2025-10-08,Product B,Home,South,107,1090,53500,5.0,106,100
2025-10-15,Product B,Home,East,108,1100,54000,5.0,107,100
2025-10-22,Product B,Home,West,109,1110,54500,5.0,108,100
2025-11-01,Product B,Home,North,110,1120,55000,5.0,109,100
2025-11-08,Product B,Home,South,111,1130,55500,5.0,110,100
2025-11-15,Product B,Home,East,112,1140,56000,5.0,111,100
2025-11-22,Product B,Home,West,113,1150,56500,5.0,112,100
2025-12-01,Product B,Home,North,114,1160,57000,5.0,113,100
2025-12-08,Product B,Home,South,115,1170,57500,5.0,114,100
2025-12-15,Product B,Home,East,116,1180,58000,5.0,115,100
2025-12-22,Product B,Home,West,117,1190,58500,5.0,116,100
